ID,GDP96,GDPGrow,popDens96,area96,unemp99,pctCollege,CO2_2005
TRA2,1756.26,0.996468508,0.006390014,0.01178701,0.01552795,0.075,0.031992253
TRA1,2784.62,0.955071846,0.005462785,0.015936445,0.040650407,0.075,0.027193424
TRB2,1843.8,0.90358205,0.00713118,0.016277142,0.109170306,0.075,0.029687998
TR72,3690.23,0.89106568,0.006844885,0.023286875,0.089466089,0.075,0.041521369
TR90,3882.21,0.878947165,0.014462627,0.013793894,0.067936508,0.075,0.032728494
TR82,3916.68,0.813508441,0.005816919,0.010384439,0.107883817,0.075,0.042432864
TR41,7778.33,0.80057278,0.01624958,0.011216768,0.087269816,0.075,0.037683996
TR61,6231.09,0.794045726,0.010325371,0.014053053,0.065359477,0.075,0.02153452
EE00,8667.92,0.781508892,0.005513383,0.017004583,0.1157,0.36,0.09375349
TR21,7552.44,0.775456986,0.011616961,0.007343346,0.062091503,0.075,0.048971209
TR83,4521.76,0.700510929,0.013241656,0.014708574,0.055900621,0.075,0.037043
TR63,4006.77,0.681694875,0.018582837,0.009157631,0.173521851,0.075,0.072585902
PL12,13236.19,0.679197788,0.023845963,0.01394344,0.1017,0.153602956,0.070550593
TR52,4882.89,0.67090965,0.007888621,0.01866727,0.084558824,0.075,0.027285927
TR81,5943.33,0.664386417,0.018965637,0.003741577,0.118644068,0.075,0.036309929
SK01,24241.6,0.65954935,0.049834611,0.000810358,0.0737,0.277555475,0.084012589
TRB1,3812.56,0.654488766,0.007972746,0.014083072,0.178253119,0.075,0.027100913
CZ01,28034.07,0.640501365,0.351949214,0.000191656,0.04,0.244430597,0.057802481
TR51,8874.65,0.6367802,0.025103678,0.009636051,0.148019458,0.075,0.020883085
ME13,4950.26,0.635570401,0.017566872,0.008201867,0.0174,0.099810492,0.095742164
TR33,5767.08,0.631724501,0.011080399,0.017508057,0.074829932,0.075,0.070196203
PL11,8186.24,0.621514129,0.024673585,0.007168542,0.1221,0.101451513,0.17420889
PT30,15620.08,0.62137027,0.05083445,0.000314354,0.0276,0.046222222,0.026730783
CL11,7236.67,0.617690782,0.000135662,0.041949817,0.0508,0.244,0.038416061
TRC3,2740.77,0.617257381,0.010392508,0.010249721,0.060453401,0.075,0.029041854
ME16,4569.35,0.61605504,0.011415784,0.022902092,0.0166,0.107267395,0.026638229
TR10,10552.05,0.606266834,0.251414293,0.002049728,0.123150106,0.075,0.017152432
PL41,9569.86,0.586659925,0.018782577,0.01170884,0.0977,0.107773368,0.041703735
TR71,5011.61,0.584842717,0.008796794,0.012239913,0.100900901,0.075,0.064776135
PL33,7353.4,0.579752129,0.01909875,0.004613766,0.1319,0.106668825,0.11549906
SK02,11047.81,0.569298035,0.020993698,0.00590257,0.142,0.101995565,0.061652946
PL51,10109.36,0.558506158,0.02508714,0.00784579,0.1484,0.136602052,0.077348236
SK03,9534.72,0.556658001,0.013994486,0.006393535,0.1858,0.107915058,0.057892196
ME18,4845.7,0.553917372,0.005513383,0.010942032,0.0102,0.164367776,0.027840763
TR22,6906.68,0.545411438,0.010392508,0.009523332,0.066334992,0.075,0.057802481
CA47,28125.21,0.542440847,0.00028826,0.208330911,0.0604,0.289631758,0.287206674
US56,39410.27,0.535138847,0.000322168,0.094680573,0.0485,0.217856868,0.693147181
CA48,35190.94,0.53312714,0.000728968,0.225315095,0.0572,0.350230795,0.285278997
HU10,17404.18,0.531765059,0.068440989,0.002728441,0.0524,0.236150425,0.063260376
PL21,8414.66,0.526991988,0.035043366,0.005977545,0.0931,0.152756347,0.05735379
KR02,16927.27,0.526087188,0.101494899,0.00485767,0.07152836,0.259525826,0.120230398
ME28,8945.37,0.522337388,0.005513383,0.031158252,0.0193,0.17717842,0.072409083
ME24,6181.09,0.515596231,0.006221491,0.023865701,0.0119,0.154653986,0.043343528
TR32,7244.96,0.512932455,0.012270506,0.012710739,0.072226999,0.075,0.06343882
ME20,3676.26,0.510195437,0.006187783,0.036196123,0.0065,0.088939291,0.05501734
SI02,19713.39,0.50975065,0.018948996,0.003163499,0.0488,0.251113468,0.071170474
ME19,14421.5,0.504906396,0.009502582,0.025036366,0.0153,0.245464922,0.051141192
PL63,9468.29,0.502456141,0.019897061,0.007204219,0.1106,0.138245614,0.043889528
IE01,17147.0626,0.502032305,0.005108524,0.012594817,0.0691,0.162584054,0.061563568
KR05,16605.57,0.497921848,0.045549803,0.006517121,0.044865865,0.166110943,0.217194331
KR03,14597.54,0.493007028,0.04344109,0.007831019,0.052673583,0.267891476,0.057981902
KR04,15392.21,0.491033337,0.042775111,0.008077509,0.053017945,0.16695728,0.093666936
ME11,6259.43,0.489795512,0.02485557,0.012019067,0.013,0.113756869,0.035668051
SI01,13919.85,0.486478343,0.015047495,0.004773336,0.0724,0.172122104,0.106823324
SK04,8836.18,0.484751721,0.016333004,0.006198512,0.2127,0.098381295,0.103314698
ME32,4760.93,0.483568209,0.003047957,0.029345366,0.0119,0.124804561,0.03456673
TR42,10986.67,0.480003596,0.021026911,0.007938797,0.120260022,0.075,0.042615063
ME30,5418.53,0.479883783,0.015982574,0.027979319,0.0157,0.129141953,0.045525744
IE02,27139.19808,0.474189964,0.012471511,0.014231095,0.0544,0.243841007,0.1087862
PL34,7460.22,0.473666209,0.010224659,0.007939816,0.1233,0.114265807,0.041338971
PL22,11062.78,0.472034396,0.065268549,0.004858221,0.1108,0.119692934,0.096519265
ME25,6608.38,0.471682094,0.00736689,0.022386345,0.0195,0.184284008,0.027100913
TR31,9627.52,0.468435148,0.042563854,0.004732071,0.143825301,0.075,0.023857617
PL43,8851.82,0.465035264,0.012237002,0.005508367,0.163,0.094378428,0.038141599
CL04,4729.81,0.459178965,0.002388354,0.015897114,0.1027,0.244,0.030425937
PL62,7689.7,0.45709919,0.01015751,0.009500137,0.1945,0.095523382,0.042341752
PL61,8987.56,0.457019507,0.019564509,0.007071699,0.1324,0.102020754,0.046433596
CZ02,14451.72,0.455876042,0.017200206,0.004258298,0.0802,0.085352815,0.143474665
PL32,7217.64,0.452485288,0.019847185,0.007022294,0.1262,0.114942529,0.059505678
PL52,8860.74,0.448017919,0.019497985,0.003709711,0.1409,0.08281716,0.113124971
PL31,7333.8,0.442725284,0.01503079,0.009871265,0.1104,0.113479924,0.040882829
ME31,6304.26,0.441766808,0.006726975,0.015543806,0.0093,0.117579355,0.045616566
ME07,3615.85,0.440613169,0.00859505,0.028679843,0.0084,0.101573053,0.036309929
GR3,20982.38,0.42374955,0.155883833,0.001501781,0.1273,0.265026807,0.053486705
AU5,29313.78,0.423318384,0.000118705,0.693147181,0.0649,0.264864326,0.178591541
UKI,37306.11,0.423277642,0.5574961,0.000625175,0.0763,0.335696732,0.061295388
FI1A,19289.69,0.42053713,0.000796752,0.051427667,0.1413,0.291357191,0.133626445
LU00,48798.03,0.417537312,0.026805695,0.001020636,0.0238,0.203436807,0.213976184
US38,30073.19,0.41522221,0.000610335,0.068166786,0.0321,0.210195152,0.548582851
AU7,29881.22,0.412608362,1.69588E-05,0.42785269,0.0387,0.275862069,0.180339238
PL42,9868.58,0.40788266,0.012689221,0.008998955,0.1977,0.095509893,0.069930328
ME22,9923.77,0.40269721,0.018732645,0.004592934,0.0176,0.193166091,0.072762689
CL10,8149.89,0.398914779,0.00242219,0.019002932,0.0607,0.244,0.038050096
HU21,10909.86,0.397635475,0.016766699,0.00443766,0.0607,0.147806005,0.067001029
FI13,17073.72,0.389355538,0.001694457,0.027379471,0.1392,0.275773196,0.096173961
CL07,5201.57,0.389046878,0.005024159,0.011892296,0.0856,0.244,0.044526152
CL08,6806.92,0.388654304,0.008426898,0.01453155,0.102,0.244,0.045253227
FI19,20432.77,0.386261965,0.003825391,0.02275087,0.1116,0.299372057,0.150286624
ME14,8333.44,0.385744988,0.013007327,0.030577046,0.0134,0.151192423,0.028764807
SE33,22532.3,0.381339217,0.000576437,0.059150131,0.1154,0.20375971,0.062546281
FI18,26182.97,0.379639929,0.010123935,0.016003404,0.081,0.344506238,0.130794761
ES11,17310.89,0.372767157,0.015515144,0.011521721,0.1624,0.212609971,0.094964458
ME21,5679.08,0.37253022,0.023299356,0.01343435,0.0068,0.137290989,0.031900184
CZ06,15109.17,0.372459323,0.020329213,0.005407081,0.0828,0.125853659,0.064776135
ES21,25449.98,0.36851981,0.04776726,0.0028387,0.1392,0.363569088,0.069220983
KR01,17340.85,0.366810735,0.262327737,0.004611487,0.069986003,0.294463624,0.050237605
ME10,7425.63,0.365778997,0.001965303,0.047565625,0.0212,0.167167442,0.025712217
TRC2,3464.9,0.363374436,0.012354263,0.013267388,0.107858243,0.075,0.023671968
ME12,4357.63,0.360749127,0.008056863,0.024811049,0.0034,0.15732393,0.051773217
US11,106263.18,0.358058248,0.453701127,6.27837E-05,0.0651,0.394087342,0.126280836
ES12,18581.31,0.356783488,0.017133524,0.00416766,0.1791,0.286196911,0.209514981
CL12,12420.74,0.35501868,0.000220442,0.044952972,0.0735,0.244,0.041612556
UKJ,24817.05,0.35360452,0.066967056,0.007518079,0.0367,0.284937453,0.06192103
ME29,4511.84,0.352614929,0.03788855,0.001577087,0.0293,0.148877069,0.038050096
ES63,17645.33,0.349309856,0.479984855,7.62113E-06,0.2721,0.197879859,0.001804455
KR06,15349.58,0.348790898,0.015064201,0.006522536,0.041297935,0.192471591,0.068511134
ES43,13717.93,0.346810023,0.004416513,0.015944528,0.2513,0.186062881,0.048065658
ME06,8492.98,0.34667953,0.014730038,0.002219518,0.014,0.163040046,0.018273091
TRC1,4350.15,0.344871711,0.020395681,0.006015736,0.150084317,0.075,0.02497079
KR07,13885.05,0.343044017,0.046132969,0.000728799,0.038910506,0.25,0.040061249
CZ08,14763.51,0.34112521,0.039340723,0.002147492,0.131,0.095253576,0.077524183
PT20,14609.65,0.339354625,0.017300218,0.000911636,0.0334,0.056680162,0.030241503
US40,27395.96,0.338246107,0.00313249,0.067871693,0.036,0.183502636,0.233658418
US46,31392.37,0.337531351,0.000627283,0.074745264,0.0281,0.215991555,0.180497968
HU22,12445.57,0.337155666,0.015197836,0.004405815,0.0444,0.138447571,0.041521369
SE23,23497.17,0.337124443,0.010056781,0.011540966,0.0697,0.183461765,0.081036656
ES13,19737.98,0.335508365,0.016900105,0.002075342,0.1536,0.266824645,0.070196203
FI20,29283.58,0.335488218,0.002794315,0.000602601,0.0079,0.224637681,0.083050756
SE11,33910.71,0.33090386,0.044333781,0.002559486,0.039,0.281589746,0.083225703
US22,31867.71,0.326929687,0.006507963,0.043588171,0.0472,0.172701975,0.261193646
CL03,10689.34,0.32398869,0.000559488,0.029253408,0.0903,0.244,0.05896814
CZ07,14019.33,0.323799355,0.023199941,0.003547806,0.0967,0.090421207,0.068688643
US30,24691,0.323183747,0.000389979,0.138771051,0.0529,0.230461684,0.303619041
ES62,17777.49,0.321860663,0.016449786,0.004448392,0.1391,0.233584274,0.069132279
DEE,17965.06,0.320534093,0.022255004,0.008041863,0.2077,0.255036529,0.102027973
UKM,23483.24,0.318952067,0.011063627,0.0303863,0.0733,0.281171993,0.086805399
DEG,17771.15,0.317865015,0.025715416,0.006365246,0.1453,0.285848687,0.060042927
ES61,16004.8,0.31692575,0.013894142,0.033594107,0.2649,0.221901626,0.050508767
ES24,23216.24,0.312037038,0.004264543,0.018565061,0.0934,0.273262662,0.128958214
CL09,4120.44,0.311131208,0.004517812,0.012495457,0.0893,0.244,0.049785504
UKH,22955.98,0.30775171,0.045387752,0.007521803,0.0419,0.229436426,0.07690823
CL01,19462.27,0.307285683,0.000847587,0.01653659,0.0967,0.244,0.033004445
HU31,8194.03,0.305287289,0.01648315,0.005288818,0.1157,0.14465682,0.123764267
ME05,12372.02,0.30240063,0.002472943,0.058082503,0.0175,0.186515151,0.169325559
UKN,19067.06,0.302150203,0.019830559,0.005576068,0.072,0.233147972,0.067001029
UKK,22256.25,0.301720227,0.033568536,0.009371911,0.0478,0.246746829,0.040426479
US24,33986.08,0.300734761,0.033322519,0.009946373,0.0359,0.292832557,0.137361974
US51,35479.61,0.299688335,0.010962988,0.039695713,0.0268,0.282030214,0.135454447
GR4,20455.19,0.294232619,0.010275017,0.006864651,0.0978,0.138410021,0.028302892
AT31,26995.18,0.293951188,0.019514616,0.00461923,0.034,0.135429448,0.130878161
SE32,23626.76,0.293772031,0.000932306,0.027697281,0.0827,0.172020151,0.123428246
SE12,21938.89,0.293389381,0.006592205,0.015061904,0.0837,0.202691728,0.093926575
SE21,23215.18,0.289242763,0.00412944,0.013041819,0.0738,0.214115244,0.06459793
AT11,17952.07,0.288226986,0.012538504,0.001473076,0.036,0.114176245,0.089764239
SE31,22219.88,0.286396361,0.002269918,0.024946938,0.1096,0.203905687,0.097726891
US53,35307.42,0.284355573,0.005412184,0.06584083,0.0485,0.269243256,0.118458768
US06,36271,0.284196296,0.013258392,0.14799278,0.0526,0.248654863,0.119049661
FR83,18269.77,0.284036913,0.005057906,0.00342161,0.2604,0.134715026,0.064419693
CZ05,14890.11,0.283254926,0.020428913,0.004829966,0.0775,0.090860359,0.092541054
CA12,20743.77,0.283091744,0.002980325,0.020680637,0.0961,0.347293447,0.15224773
ES42,17667.75,0.282409889,0.003656435,0.030667656,0.1497,0.187409341,0.129793427
NL1,28916.81,0.282109252,0.032551276,0.003294766,0.0615,0.194858934,0.06192103
CL13,10890.54,0.28161095,0.061862854,0.006063975,0.1092,0.244,0.038233095
HU32,8486.26,0.279577447,0.014863717,0.006986218,0.1021,0.139210717,0.039238993
CL06,7055.98,0.278017795,0.007854969,0.006450034,0.0687,0.244,0.033004445
US20,31459.03,0.276471316,0.002083775,0.080357741,0.0352,0.243092033,0.240557583
ES41,20358.07,0.275179312,0.004517812,0.036328913,0.153,0.279133858,0.16964651
ES30,28176.51,0.273117132,0.102475035,0.0031387,0.1297,0.349112674,0.057981902
AT12,22864.73,0.271160736,0.013559587,0.007446395,0.033,0.14169201,0.159405723
ES22,27299.03,0.271086108,0.00872955,0.004078864,0.0824,0.357693869,0.104085939
ME26,10324.68,0.270992946,0.001999153,0.068487346,0.0132,0.173169214,0.025712217
US48,34803.35,0.269823387,0.00473726,0.237242229,0.0472,0.211433064,0.204723998
CL02,18776.5,0.26909957,0.000627283,0.048575022,0.0838,0.244,0.176840786
AU1,26095.4,0.267890761,0.001304985,0.27492888,0.0621,0.287519097,0.168843941
ME03,10978.19,0.267399547,0.000881475,0.028780371,0.0254,0.161437848,0.049604607
UKD,21458.33,0.26537205,0.078384577,0.005578031,0.0619,0.23202541,0.0733812
CZ03,15859.96,0.265289565,0.011667248,0.006717142,0.0655,0.100505051,0.073734464
NL4,27934.37,0.265176496,0.078729486,0.002801962,0.0294,0.212924275,0.100137775
SE22,23083.81,0.263631649,0.015247943,0.00550063,0.0873,0.167412767,0.079194147
AT34,29546.6,0.261730905,0.022702717,0.001000398,0.0346,0.126666667,0.065043384
AT22,24296.04,0.261102358,0.012287259,0.006397655,0.032,0.129471582,0.102542862
US08,36604.59,0.260746366,0.002405272,0.100817896,0.0304,0.298437637,0.180736016
DED,19488.53,0.260041506,0.040904751,0.007244481,0.1602,0.28699063,0.094359158
DEC,25620.44,0.259573476,0.068995133,0.001014403,0.0721,0.184680851,0.186511121
AT33,28909.83,0.259500107,0.008830415,0.004934454,0.0246,0.117007673,0.070018961
AU8,34393.4,0.257613942,0.022006188,0.000927298,0.0553,0.439613527,0.082613253
NO04,37606.30751,0.257396011,0.004332088,0.009375745,0.0345,0.269030877,0.086631077
UKF,22455.2,0.256778284,0.043603456,0.00615185,0.0523,0.210623602,0.121409742
NL3,31569.58,0.254840648,0.132704303,0.003416729,0.0352,0.262515164,0.106823324
US10,47777.98,0.254713375,0.024077766,0.001995976,0.0332,0.23783647,0.152002802
ME09,20586.81,0.254500442,0.68250842,0.000585828,0.032,0.298795241,0.032084312
UKC,19598.57,0.254391208,0.049479589,0.003394928,0.1004,0.203967266,0.081211956
ES23,24483.18,0.253865487,0.008847225,0.001984429,0.0812,0.240856378,0.077524183
CA46,24822.06,0.252225299,0.000356074,0.197167977,0.0561,0.370503597,0.147009545
UKE,21431.71,0.250970849,0.052621991,0.006127988,0.0658,0.216357036,0.134956233
NL2,24856.04,0.249313361,0.054358159,0.003845981,0.0335,0.209621993,0.100739589
HU23,9531.43,0.249187618,0.012002437,0.005579445,0.083,0.122099156,0.0506895
AU3,25358,0.248484232,0.000322168,0.521643787,0.0775,0.228873239,0.184220893
NO05,37629.9612,0.247226857,0.002760491,0.018552773,0.0306,0.250122369,0.093407229
US19,32613.41,0.246379073,0.00333534,0.055566549,0.0261,0.205728363,0.216199344
AT21,24045.81,0.243860754,0.010123935,0.003690984,0.0348,0.12714914,0.080247425
ES52,20456.57,0.243367193,0.028455369,0.00906055,0.1378,0.220481791,0.049604607
US02,51856.67,0.242483798,6.78334E-05,0.460554489,0.0616,0.233694755,0.201076766
US09,46657.11,0.241798306,0.043213732,0.004942705,0.0265,0.314655204,0.11023455
BE2,26491.9,0.241074749,0.072076897,0.005263286,0.0537,0.300439518,0.109723607
DE4,19051.74,0.239363191,0.01464648,0.011572115,0.1578,0.287396071,0.216122766
FR10,38956.04,0.239293354,0.143002477,0.004732189,0.1049,0.330756315,0.065666686
US44,32463.15,0.239122636,0.06005983,0.001068129,0.0417,0.236683926,0.111850815
AT32,32634.54,0.238744561,0.012169988,0.002781091,0.0272,0.162652981,0.086456724
US15,37527.78,0.237312131,0.012002437,0.006547133,0.05,0.254116145,0.123344223
DE8,19051.96,0.237036961,0.013174711,0.00910782,0.1817,0.25216263,0.071081943
CL05,8153.01,0.233571257,0.015147725,0.006453604,0.1344,0.244,0.055826729
US27,36657.5,0.232955071,0.003808496,0.078274731,0.0278,0.257689433,0.174368597
DE5,36637.17,0.231556044,0.249632196,0.000159597,0.115,0.189599483,0.103314698
US23,27741.6,0.230111748,0.002625184,0.031075188,0.0394,0.215083074,0.143474665
US36,41759.74,0.228560401,0.02485557,0.047157415,0.0522,0.263042467,0.133044106
CA13,21882.81,0.228254399,0.001779103,0.027787193,0.1015,0.367803838,0.187378457
ME01,10076.68,0.226629096,0.026211144,0.002218731,0.0226,0.201510495,0.016872072
NO06,34771.37446,0.225697519,0.001694457,0.01513355,0.0377,0.268844221,0.077524183
UKG,22140.95,0.224029571,0.066364178,0.005121826,0.0686,0.21024563,0.080510571
US31,35267.67,0.223355678,0.001406601,0.075682288,0.0275,0.227970321,0.210824638
US25,41164.15,0.223271082,0.049576426,0.007986277,0.0327,0.332160307,0.13429156
NO02,30164.98976,0.221008466,0.001254173,0.019531036,0.0318,0.258223684,0.123176155
PT15,19399.16,0.220490436,0.012371013,0.001937726,0.0482,0.072616408,0.034750368
ES51,26442.43,0.220095696,0.031960132,0.012552119,0.1077,0.254802145,0.055197261
BE3,19823.89,0.217272708,0.032928767,0.006613234,0.1256,0.293245228,0.104000275
ES64,18542.21,0.21690904,0.579158915,5.29137E-06,0.2101,0.280155642,0.001899336
US49,30593.27,0.216310987,0.001609802,0.08066797,0.0358,0.223570386,0.223371662
DE2,31539,0.216102237,0.028570745,0.027478055,0.0505,0.211948674,0.061563568
US41,34315.77,0.213972705,0.002185311,0.093653289,0.0548,0.23081022,0.126783391
ITF2,18124.64,0.213831622,0.012622238,0.001725316,0.162,0.105098039,0.065310561
UKL,19717.94,0.213401732,0.023332492,0.0081674,0.0709,0.237074303,0.101942132
US12,30256.38,0.212279626,0.017366889,0.05368545,0.0401,0.215423008,0.147583809
ITC3,24655.32,0.212022913,0.050383034,0.002102492,0.0986,0.136301056,0.08340062
PT17,25011.26,0.209430328,0.144779498,0.001123076,0.0607,0.154728868,0.049785504
TR62,7922.41,0.207661059,0.018283151,0.011542371,0.136752137,0.075,0.046524336
CZ04,15449.75,0.207290795,0.022354514,0.003342585,0.1347,0.077596777,0.345529413
US42,32520.7,0.206351433,0.017433555,0.04481596,0.0441,0.215377661,0.195072615
CA59,27821.54,0.200094586,0.000712021,0.311778633,0.0825,0.374795219,0.108445107
HU33,9854.71,0.199071566,0.012823173,0.007205788,0.0577,0.114318268,0.036676531
US28,24851.41,0.198482695,0.003774707,0.046858052,0.0526,0.168627225,0.169084779
CA11,20592.1,0.198239981,0.004044991,0.002242134,0.1435,0.327239488,0.133044106
US01,27454.28,0.197281549,0.005513383,0.050595683,0.0427,0.186064144,0.245329082
US50,30011.58,0.196901143,0.004146329,0.009415373,0.0293,0.266360781,0.092194373
US37,33133.83,0.196009287,0.009771323,0.048616963,0.0327,0.203728296,0.153389935
ME15,6855.68,0.195677509,0.086194188,0.008780171,0.0303,0.162032817,0.027193424
US34,42313.76,0.195456345,0.068314284,0.00755731,0.0448,0.292646882,0.148895178
FR30,20409.67,0.194671525,0.053120644,0.00489009,0.1811,0.176546949,0.072409083
US54,24692.16,0.192680536,0.004939785,0.024326732,0.0627,0.132181718,0.452987041
NO01,56632.69775,0.191417002,0.031122082,0.001977966,0.0226,0.414561108,0.084624183
ITF6,15078.08,0.190009204,0.023398761,0.005808352,0.2801,0.120825017,0.059236945
PT18,16807.91,0.186438015,0.00412944,0.012285589,0.0651,0.07098856,0.13445777
US17,37959.45,0.185822453,0.013977762,0.05529002,0.0445,0.248830465,0.184141826
NO03,32881.83557,0.184958821,0.004163218,0.013364218,0.0359,0.237180935,0.10314323
DE7,33782.27,0.184945623,0.047298281,0.008303104,0.0733,0.237717087,0.102113806
DE1,31330.39,0.184654478,0.048090566,0.014018904,0.0542,0.238789524,0.084274746
US04,30698.85,0.184319092,0.002557525,0.109945887,0.045,0.202452849,0.169566282
AU6,23323.92,0.183665696,0.001186421,0.026464624,0.0929,0.213087248,0.072497496
FR51,22850.91,0.181799486,0.016633274,0.012588852,0.1225,0.186223795,0.057712759
FR52,21466.26,0.181498143,0.017683511,0.01068652,0.0954,0.216003092,0.049152221
FR81,19968.52,0.181391996,0.01377706,0.010752113,0.1735,0.213917834,0.051773217
DEA,28549.77,0.179010626,0.085618362,0.013366828,0.0745,0.203083027,0.132378161
FR62,22535.66,0.175158311,0.009351384,0.017748487,0.1112,0.253483992,0.058788896
FR82,23560.31,0.174678203,0.023696918,0.012322799,0.1689,0.223903593,0.063973961
FR71,25981.32,0.174068419,0.021375577,0.017108311,0.0991,0.25101494,0.060490414
CA24,24664.69,0.173401858,0.000898419,0.429275414,0.0935,0.39600688,0.120230398
ME23,13069.21,0.172830024,0.002912689,0.016656676,0.0133,0.170059387,0.01911276
US55,32951.1,0.172242436,0.006221491,0.054056888,0.0306,0.209438572,0.177716547
ME17,7152.32,0.170844262,0.049043708,0.001929884,0.0155,0.160173231,0.025434246
US18,32053.35,0.170687752,0.010593891,0.036025415,0.0286,0.181143165,0.249929862
ES70,20649.7,0.170410944,0.035288959,0.002936348,0.1429,0.207436666,0.03318837
ITG2,18329.64,0.169470489,0.011633724,0.00939022,0.2099,0.101212121,0.085235403
ITF5,17092.58,0.167438568,0.01056033,0.003829302,0.1712,0.082796688,0.054657401
DE9,25418.76,0.166809626,0.027515388,0.018626496,0.0736,0.197454505,0.078315566
AU4,25456.22,0.166116501,0.000254352,0.328644293,0.0824,0.229806452,0.137693347
US05,27105.84,0.164875771,0.003149395,0.051882279,0.0444,0.151911952,0.204801454
NO07,35089.85997,0.164570554,0.000745915,0.041508056,0.0449,0.269970098,0.06459793
ES53,26132.87,0.164267208,0.02546746,0.001969177,0.0815,0.180068547,0.039056178
PT16,15360.24,0.163615088,0.01371015,0.011057403,0.025,0.073268598,0.073292865
ITD4,27610.6,0.16172593,0.026161583,0.00297375,0.0558,0.109235545,0.068156019
ITF3,15351.56,0.16030622,0.069786234,0.005276248,0.2374,0.114490074,0.055826729
GR2,20159.33,0.160305024,0.007636204,0.020837122,0.1151,0.119981941,0.061027136
US16,28506.5,0.156003177,0.000932306,0.081237243,0.0489,0.183329758,0.093926575
ITE3,32472.51,0.154755888,0.019348291,0.003765574,0.0613,0.119613435,0.048971209
US35,30774.42,0.151894037,0.000915363,0.116995293,0.0559,0.216184798,0.232980936
FR72,21161.5,0.150286489,0.008510977,0.010219546,0.106,0.212184475,0.165546661
ITG1,16021.87,0.148524964,0.032895947,0.009981521,0.2446,0.118905529,0.061652946
FR61,23037.38,0.145728821,0.011717534,0.016180206,0.1186,0.225506757,0.054837387
PT11,15232.25,0.145648674,0.028125652,0.008367248,0.0457,0.071217914,0.047159285
FR26,22641.41,0.144015886,0.008628677,0.012393941,0.1035,0.182196698,0.067089921
DEB,25430.58,0.144014549,0.033683323,0.007806414,0.0607,0.208137548,0.067978415
DE6,47309.84,0.142177198,0.3243902,0.000298169,0.0859,0.218833353,0.064865226
GR1,19310.13,0.140069483,0.010375725,0.021927123,0.1254,0.169922956,0.124687745
US29,32496.75,0.139180512,0.005091653,0.068080801,0.0314,0.21207775,0.211286461
FR53,21215.89,0.137720227,0.010627451,0.010140042,0.1089,0.18397711,0.053937135
US32,40743.47,0.136827955,0.000949249,0.106450174,0.0427,0.164201338,0.156889999
BE1,55518.04,0.136097263,0.693147181,6.35735E-05,0.1578,0.38781575,0.063884791
US39,32833.43,0.135779162,0.017733494,0.041026,0.0426,0.191555923,0.179465772
ITD1,34581.5,0.134825683,0.010291802,0.00290603,0.0248,0.079464286,0.046615068
US47,31989.42,0.134092046,0.008410081,0.041289791,0.0411,0.191971531,0.172690408
FR21,23730.67,0.132970199,0.008897652,0.010060413,0.1317,0.163796262,0.066556446
US45,28710.98,0.128986272,0.008090508,0.030329299,0.0408,0.212594459,0.179306878
AU2,29126.05,0.128726565,0.003386046,0.086058864,0.0705,0.296041511,0.17954521
US33,36079.82,0.127491471,0.008443714,0.009130163,0.0275,0.283511207,0.134956233
US21,29434.62,0.127216356,0.006373163,0.039827508,0.0463,0.157285147,0.304811144
ITE1,26973.52,0.125976377,0.025831108,0.008908551,0.0723,0.113884352,0.06771195
AT13,41444.53,0.123978563,0.505881768,0.000156676,0.0573,0.199673899,0.083138233
FR23,23566.56,0.122640266,0.024143986,0.004852091,0.1407,0.170625303,0.114312721
ITF4,16360.33,0.12207845,0.035207102,0.00755151,0.1897,0.113204942,0.064419693
FR63,20841.67,0.120903152,0.00713118,0.006667876,0.0951,0.172050817,0.062724852
ITE4,29257.72,0.120164374,0.05043141,0.006639124,0.1169,0.15583761,0.0777001
JPJ,23069.37,0.119801522,0.055562059,0.017113667,0.0492,0.306,0.069309678
ITC2,32319.96,0.118469132,0.006120363,0.001278196,0.0531,0.094570928,0.049152221
CA35,30211.58,0.11516907,0.002066852,0.306317852,0.0635,0.437820622,0.137941804
ITE2,16916.65,0.111504642,0.023465026,0.003253242,0.0763,0.118678161,0.06192103
FR25,21539.08,0.106885276,0.013542856,0.006921633,0.0996,0.179422383,0.064063123
ME08,11659.87,0.10136881,0.001965303,0.093242029,0.0121,0.165874039,0.037683996
FR41,21717.71,0.1011288,0.016549875,0.009255407,0.1114,0.200658233,0.097985478
ITF1,21613.04,0.099342361,0.019764053,0.004204899,0.1008,0.113074915,0.063706426
ITC1,28263.22,0.098322665,0.028570745,0.009767254,0.0725,0.109802877,0.077084256
JPH,27275.65,0.097442509,0.041051253,0.012342458,0.0364,0.306,0.094186147
ITD5,32326.48,0.096992214,0.030266875,0.008465806,0.0456,0.122479622,0.066645378
FR43,22280.39,0.096441028,0.011600198,0.006377566,0.0974,0.198701035,0.05735379
ITD3,30212.47,0.091531065,0.041799707,0.006906613,0.0454,0.103013967,0.08444948
ITD2,30846.13,0.090947309,0.012605492,0.002421622,0.0435,0.114573346,0.061027136
FR24,23491.71,0.088968308,0.010459641,0.015341577,0.1079,0.190545244,0.065399604
US13,35286.19,0.087734722,0.008258718,0.057535083,0.0377,0.209808511,0.159243609
DEF,26817.79,0.085957323,0.029130951,0.006208127,0.0767,0.210148758,0.059684793
JPB,24922.55,0.085580825,0.024789398,0.025922124,0.0421,0.306,0.100137775
ITC4,34135.01,0.084365896,0.06404447,0.008962168,0.0482,0.122102498,0.076291898
JPD,27601.31,0.0813602,0.04716887,0.013864386,0.0364,0.306,0.089677339
FR22,21766.71,0.079618434,0.01608271,0.007631261,0.1342,0.167297403,0.064508815
FR42,26600.4,0.071538062,0.03432261,0.003264342,0.0754,0.202690918,0.061116561
JPF,31640.71,0.067286123,0.105134937,0.008782128,0.0387,0.306,0.087763629
JPC,34197.91,0.065030462,0.352581171,0.005164294,0.0519,0.306,0.069753039
JPI,24405.61,0.062926143,0.037316893,0.007336721,0.0393,0.306,0.110149411
US26,32584.62,0.059515183,0.011164256,0.056470171,0.0378,0.211885092,0.164095632
DE3,27770.85,0.056214253,0.50395747,0.000351736,0.1526,0.321984662,0.08147485
JPE,28760.5,0.055147872,0.028768501,0.012838849,0.0353,0.306,0.101512818
JPG,29711.62,0.020170726,0.125385579,0.010305181,0.0559,0.306,0.077084256
JPA,25839.45,0.017396166,0.011516377,0.032423636,0.0502,0.306,0.090024893
