ABI,CONAME,ADDR,CITY,ZIP,Y,X,porter_num
171501513,EDISON ELEMENTARY SCHOOL,625 MAINE AVE,LONG BEACH,90802,33.7736,-118.200688,9
171511165,STEVENSON ELEMENTARY SCHOOL,515 LIME AVE,LONG BEACH,90802,33.7733,-118.183761,9
171520257,CHARLES F KETTERING ELEMENTARY,550 SILVERA AVE,LONG BEACH,90803,33.7729,-118.1063919,9
171520877,LOWELL ELEMENTARY SCHOOL,5201 E BROADWAY,LONG BEACH,90803,33.7644,-118.1322632,9
171520992,MANN ELEMENTARY SCHOOL,257 CORONADO AVE,LONG BEACH,90803,33.7665,-118.1536255,9
171533961,ROBERT E LEE ELEMENTARY SCHOOL,1620 TEMPLE AVE,LONG BEACH,90804,33.7873,-118.158846,9
171539281,WILLARD ELEMENTARY SCHOOL,1055 FREEMAN AVE,LONG BEACH,90804,33.78,-118.1557846,9
171546534,HARTE ELEMENTARY SCHOOL,1671 E PHILLIPS ST,LONG BEACH,90805,33.8588,-118.1721649,9
171548894,MCKINLEY ELEMENTARY SCHOOL,6822 N PARAMOUNT BLVD,LONG BEACH,90805,33.8787,-118.159844,9
171559891,BOBBIE SMITH ELEMENTARY SCHOOL,565 E HILL ST,LONG BEACH,90806,33.7972,-118.1855164,9
171566748,LAFAYETTE ELEMENTARY SCHOOL,2445 CHESTNUT AVE,LONG BEACH,90806,33.8016,-118.195961,9
171582398,BURROUGHS ELEMENTARY SCHOOL,1260 E 33RD ST,SIGNAL HILL,90755,33.817,-118.175636,9
171588312,LONGFELLOW ELEMENTARY SCHOOL,3800 OLIVE AVE,LONG BEACH,90807,33.827,-118.182595,9
171588338,LOS CERRITOS ELEMENTARY SCHOOL,515 W SAN ANTONIO DR,LONG BEACH,90807,33.8279,-118.199069,9
171595812,BURCHAM ELEMENTARY SCHOOL,5610 E MONLACO RD,LONG BEACH,90808,33.8221,-118.123023,9
171602402,DOMINGUEZ ELEMENTARY SCHOOL,21250 S SANTA FE AVE,LONG BEACH,90810,33.8354,-118.215542,9
171603210,ELIZABETH HUDSON ELEMENTARY,2335 WEBSTER AVE,LONG BEACH,90810,33.7995,-118.2198944,9
171605967,WEBSTER ELEMENTARY SCHOOL,1755 W 32ND WAY,LONG BEACH,90810,33.8162,-118.216016,9
171616238,LINCOLN ELEMENTARY SCHOOL,1175 E 11TH ST,LONG BEACH,90813,33.7809,-118.176962,9
171620099,ROOSEVELT ELEMENTARY SCHOOL,1400 E 20TH ST,LONG BEACH,90806,33.7938,-118.1738434,9
171622947,WHITTIER ELEMENTARY SCHOOL,1761 WALNUT AVE,LONG BEACH,90813,33.7892,-118.1721039,9
171624190,BURBANK ELEMENTARY SCHOOL,501 JUNIPERO AVE,LONG BEACH,90814,33.7722,-118.16432,9
171624976,FREMONT ELEMENTARY SCHOOL,4000 E 4TH ST,LONG BEACH,90814,33.7716,-118.14583,9
171629439,FLORENCE BIXBY ELEMENTARY SCHL,5251 E STEARNS ST,LONG BEACH,90815,33.7961,-118.13177,9
171630759,EMERSON RALPH WALDO ELEMENTARY,2625 JOSIE AVE,LONG BEACH,90815,33.8038,-118.1054077,9
171631047,MINNIE GANT ELEMENTARY SCHOOL,1854 N BRITTON DR,LONG BEACH,90815,33.7901,-118.119178,9
171634777,BENJAMIN F TUCKER ELEMENTARY,2221 ARGONNE AVE,LONG BEACH,90815,33.7971,-118.1362839,9
236408654,ADDAMS ELEMENTARY SCHOOL,5320 PINE AVE,LONG BEACH,90805,33.8528,-118.191649,9
263679011,CESAR CHAVEZ ELEMENTARY SCHOOL,730 W 3RD ST,LONG BEACH,90802,33.7699,-118.2012634,9
263679029,JOHN G WHITTIER ELEMENTARY,1761 WALNUT AVE,LONG BEACH,90813,33.7892,-118.1721039,9
394577472,HENRY W LONGFELLOW ELEMENTARY,3800 OLIVE AVE,LONG BEACH,90807,33.827,-118.182595,9
418478566,ULYSSES S GRANT ELEMENTARY,1225 E 64TH ST,LONG BEACH,90805,33.8711,-118.1766357,9
421500016,WILLIAM F PRISK ELEMENTARY,1515 HUGHES WAY,LONG BEACH,90810,33.8289,-118.2137604,9
434857259,THEODORE ROOSEVELT ELEMENTARY,1400 E 20TH ST,LONG BEACH,90806,33.7938,-118.1738434,9
450072418,ST ANTHONY'S ELEMENTARY SCHOOL,855 E 5TH ST,LONG BEACH,90802,33.7734,-118.1813965,9
450074794,ALVARADO ELEMENTARY SCHOOL,1900 E 21ST ST,SIGNAL HILL,90755,33.7952,-118.168754,9
501141196,STARR KING ELEMENTARY SCHOOL,145 E ARTESIA BLVD,LONG BEACH,90805,33.8744,-118.201737,9
501141204,BARTON ELEMENTARY SCHOOL,1100 E DEL AMO BLVD,LONG BEACH,90807,33.8467,-118.1796417,9
501141303,HENRY ELEMENTARY SCHOOL,3720 CANEHILL AVE,LONG BEACH,90808,33.8257,-118.110321,9
504224254,JAMES A GARFIELD ELEMENTARY,2240 BALTIC AVE,LONG BEACH,90810,33.7979,-118.213181,9
514565076,COLIN POWELL ELEMENTARY SCHOOL,150 W VICTORIA ST,LONG BEACH,90805,33.8648,-118.2040405,9
554036939,INTERNATIONAL ELEMENTARY SCHL,700 LOCUST AVE,LONG BEACH,90813,33.7753,-118.1909866,9
554040873,RALPH WALDO EMERSON ELEMENTARY,2625 JOSIE AVE,LONG BEACH,90815,33.8038,-118.1054077,9
629953886,HENRY PATRICK ELEMENTARY SCHL,3720 CANEHILL AVE,LONG BEACH,90808,33.8256,-118.110355,9
662067735,DOOLEY ELEMENTARY SCHOOL,5075 LONG BEACH BLVD,LONG BEACH,90805,33.8482,-118.1944809,9
705764487,BETHANY ELEMENTARY,2244 CLARK AVE,LONG BEACH,90815,33.7978,-118.133745,9
808427827,MARK TWAIN ELEMENTARY SCHOOL,5021 E CENTRALIA ST,LONG BEACH,90808,33.8397,-118.134725,9
808456776,SIGNAL HILL ELEMENTARY SCHOOL,2285 WALNUT AVE,SIGNAL HILL,90755,33.7987,-118.1721191,9
808458558,BIRNEY ELEMENTARY SCHOOL,710 W SPRING ST,LONG BEACH,90806,33.8116,-118.200351,9
808707012,NAPLES ELEMENTARY SCHOOL,5537 E THE TOLEDO,LONG BEACH,90803,33.755,-118.1274185,9
808959134,COLLINS ELEMENTARY SCHOOL,6125 COKE AVE,LONG BEACH,90805,33.8664,-118.1472549,9
977936285,ST JOSEPH ELEMENTARY SCHOOL,6200 E WILLOW ST,LONG BEACH,90815,33.8031,-118.110415,9
